tripinfo_arrival;tripinfo_arrivalLane;tripinfo_arrivalPos;tripinfo_arrivalSpeed;tripinfo_depart;tripinfo_departDelay;tripinfo_departLane;tripinfo_departPos;tripinfo_departSpeed;tripinfo_devices;tripinfo_duration;tripinfo_id;tripinfo_rerouteNo;tripinfo_routeLength;tripinfo_speedFactor;tripinfo_timeLoss;tripinfo_vType;tripinfo_vaporized;tripinfo_waitSteps
28.00;471664572#0_1;7.36;10.39;10.00;0.00;326309727#1_0;5.10;0.00;tripinfo_10;18.00;10;0;170.85;1.00;6.42;DEFAULT_VEHTYPE;;0
62.00;27028143#0_0;181.09;10.91;9.00;0.00;-326309732_0;5.10;0.00;tripinfo_9;53.00;9;0;552.90;1.00;5.82;DEFAULT_VEHTYPE;;0
65.00;219276443#1_0;41.35;10.45;25.00;0.00;-326309730_0;5.10;0.00;tripinfo_25;40.00;25;0;406.36;1.00;5.62;DEFAULT_VEHTYPE;;0
65.00;48158102#2_0;3.25;9.03;14.00;0.00;219276440#1_0;5.10;0.00;tripinfo_14;51.00;14;0;472.95;1.00;7.95;DEFAULT_VEHTYPE;;0
67.00;326467649_0;3.49;8.62;51.00;0.00;442662512_0;3.60;0.00;tripinfo_51;16.00;51;0;83.39;1.00;8.47;DEFAULT_VEHTYPE;;2
80.00;219276440#2_0;98.85;9.99;28.00;0.00;27028182_0;5.10;0.00;tripinfo_28;52.00;28;0;488.18;1.00;7.81;DEFAULT_VEHTYPE;;0
87.00;48158102#0_0;114.19;11.06;34.00;0.00;326467636#0_0;5.10;0.00;tripinfo_34;53.00;34;0;471.61;1.00;10.03;DEFAULT_VEHTYPE;;0
88.00;326309732_0;68.80;10.44;1.00;0.00;-326467649_0;3.49;0.00;tripinfo_1;87.00;1;0;808.84;1.00;14.36;DEFAULT_VEHTYPE;;0
91.00;458718920#0_0;135.78;9.85;20.00;0.00;326126530#0_0;5.10;0.00;tripinfo_20;71.00;20;0;655.94;1.00;11.53;DEFAULT_VEHTYPE;;0
104.00;444048536#1_0;97.80;10.30;43.00;0.00;451653455#2_0;5.10;0.00;tripinfo_43;61.00;43;0;524.24;1.00;8.05;DEFAULT_VEHTYPE;;0
104.00;219276440#8_0;66.12;9.97;12.00;0.00;444013695#1_0;5.10;0.00;tripinfo_12;92.00;12;0;765.76;1.00;25.02;DEFAULT_VEHTYPE;;7
107.00;326467650_0;3.51;9.05;69.00;0.00;444013695#1_0;5.10;0.00;tripinfo_69;38.00;69;0;326.21;1.00;12.62;DEFAULT_VEHTYPE;;0
115.00;-208004245_1;32.66;13.52;22.00;0.00;326467642_0;5.10;0.00;tripinfo_22;93.00;22;0;875.24;1.00;15.52;DEFAULT_VEHTYPE;;0
115.00;444013695#0_1;99.61;15.78;77.00;0.00;326309727#2_0;5.10;0.00;tripinfo_77;38.00;77;0;497.35;1.00;6.11;DEFAULT_VEHTYPE;;0
119.00;126213877#1_0;89.86;10.53;7.00;0.00;326309727#5_0;5.10;0.00;tripinfo_7;112.00;7;0;991.55;1.00;43.50;DEFAULT_VEHTYPE;;22
121.00;208352993_0;44.41;10.49;39.00;0.00;27026401#0_0;5.10;0.00;tripinfo_39;82.00;39;0;656.46;1.00;34.42;DEFAULT_VEHTYPE;;15
122.00;287533429#0_0;259.83;16.31;48.00;0.00;407596050#2_0;5.10;0.00;tripinfo_48;74.00;48;0;745.35;1.00;9.05;DEFAULT_VEHTYPE;;0
125.00;326467641#0_0;44.16;10.46;18.00;0.00;451653573#0_0;5.10;0.00;tripinfo_18;107.00;18;0;1216.99;1.00;24.31;DEFAULT_VEHTYPE;;4
125.00;326467647_0;3.50;8.51;6.00;0.00;287533469#5_0;5.10;0.00;tripinfo_6;119.00;6;0;1137.62;1.00;16.68;DEFAULT_VEHTYPE;;0
127.00;451653029#3_1;21.81;16.43;3.00;0.00;-48156213_0;5.10;0.00;tripinfo_3;124.00;3;0;699.23;1.00;69.50;DEFAULT_VEHTYPE;;54
132.00;219276440#4_0;97.49;10.19;53.00;0.00;326309697_0;5.10;0.00;tripinfo_53;79.00;53;0;760.73;1.00;9.64;DEFAULT_VEHTYPE;;0
132.00;208928173#0_0;23.28;13.29;13.00;0.00;350274432_0;5.10;0.00;tripinfo_13;119.00;13;0;1168.31;1.00;27.85;DEFAULT_VEHTYPE;;2
134.00;407596050#0_0;95.95;10.57;31.00;0.00;326467642_0;5.10;0.00;tripinfo_31;103.00;31;0;449.78;1.00;62.36;DEFAULT_VEHTYPE;;48
134.00;447931030_0;35.65;9.88;5.00;0.00;444002075#1_0;5.10;0.00;tripinfo_5;129.00;5;0;1115.58;1.00;16.70;DEFAULT_VEHTYPE;;0
135.00;451653029#2_1;37.79;12.97;128.00;0.00;326309713#1_0;4.55;0.00;tripinfo_128;7.00;128;0;44.46;1.00;4.02;DEFAULT_VEHTYPE;;0
138.00;326309716#1_0;80.00;7.35;21.00;0.00;27026401#0_0;5.10;0.00;tripinfo_21;117.00;21;0;985.45;1.00;24.37;DEFAULT_VEHTYPE;;3
140.00;27028143#0_0;181.09;10.22;72.00;1.00;219276439#0_0;5.10;0.00;tripinfo_71;68.00;71;0;706.85;1.00;7.35;DEFAULT_VEHTYPE;;0
140.00;27102738#3_0;82.56;9.85;69.00;1.00;218873867#2_0;5.10;0.00;tripinfo_68;71.00;68;0;677.10;1.00;10.06;DEFAULT_VEHTYPE;;0
141.00;207989397_0;43.54;13.63;63.00;0.00;350274427#0_0;5.10;0.00;tripinfo_63;78.00;63;0;754.23;1.00;11.06;DEFAULT_VEHTYPE;;0
143.00;350274432_0;100.23;10.33;51.00;1.00;48158102#0_0;5.10;0.00;tripinfo_50;92.00;50;0;766.12;1.00;22.74;DEFAULT_VEHTYPE;;8
143.00;-287533481_0;64.38;9.97;8.00;0.00;126665636#0_0;5.10;0.00;tripinfo_8;135.00;8;0;926.08;1.00;55.07;DEFAULT_VEHTYPE;;41
143.00;219276442#0_0;54.54;10.67;73.00;0.00;326467641#0_0;5.10;0.00;tripinfo_73;70.00;73;0;577.57;1.00;17.47;DEFAULT_VEHTYPE;;2
147.00;27028176#1_0;89.92;10.80;91.00;0.00;444013695#2_0;5.10;0.00;tripinfo_91;56.00;91;0;232.58;1.00;35.80;DEFAULT_VEHTYPE;;26
148.00;444048533_0;109.97;10.34;57.00;0.00;444048536#1_0;5.10;0.00;tripinfo_57;91.00;57;0;768.30;1.00;34.16;DEFAULT_VEHTYPE;;21
149.00;287533401#1_1;8.83;10.16;47.00;0.00;-208928182_0;4.49;0.00;tripinfo_47;102.00;47;0;781.12;1.00;29.52;DEFAULT_VEHTYPE;;8
149.00;27103285_0;190.14;8.20;82.00;0.00;219276440#3_0;5.10;0.00;tripinfo_82;67.00;82;0;575.73;1.00;7.88;DEFAULT_VEHTYPE;;0
149.00;126550197_0;40.86;10.25;23.00;0.00;326467643#1_0;5.10;0.00;tripinfo_23;126.00;23;0;773.46;1.00;58.51;DEFAULT_VEHTYPE;;34
150.00;358291500_0;81.64;11.00;93.00;0.00;326467633_0;5.10;0.00;tripinfo_93;57.00;93;0;411.19;1.00;19.89;DEFAULT_VEHTYPE;;5
152.00;208356047#0_0;92.31;7.30;100.00;0.00;477174168#1_0;5.10;0.00;tripinfo_100;52.00;100;0;469.89;1.00;6.05;DEFAULT_VEHTYPE;;0
154.00;326126530#2_0;51.33;10.85;75.00;0.00;326309697_0;5.10;0.00;tripinfo_75;79.00;75;0;737.28;1.00;12.63;DEFAULT_VEHTYPE;;0
157.00;207989397_0;43.54;12.60;74.00;0.00;219276441#0_0;5.10;0.00;tripinfo_74;83.00;74;0;793.26;1.00;9.87;DEFAULT_VEHTYPE;;0
158.00;208928182_0;4.49;9.57;65.00;1.00;48158102#1_0;5.10;0.00;tripinfo_64;93.00;64;0;772.52;1.00;27.39;DEFAULT_VEHTYPE;;13
161.00;326309725#1_0;6.07;7.15;61.00;0.00;326309716#1_0;5.10;0.00;tripinfo_61;100.00;61;0;905.18;1.00;10.62;DEFAULT_VEHTYPE;;0
162.00;451652905#1_1;9.34;10.18;38.00;0.00;471664572#1_0;5.10;0.00;tripinfo_38;124.00;38;0;1052.49;1.00;29.59;DEFAULT_VEHTYPE;;6
164.00;326309727#1_2;40.75;16.41;89.00;0.00;451653573#0_0;5.10;0.00;tripinfo_89;75.00;89;0;718.47;1.00;25.07;DEFAULT_VEHTYPE;;7
168.00;321457778#0_0;234.63;9.82;27.00;0.00;229187724#3_0;4.52;0.00;tripinfo_27;141.00;27;0;1305.02;1.00;17.27;DEFAULT_VEHTYPE;;0
168.00;219276440#0_0;50.69;10.55;16.00;0.00;27103144#2_0;5.10;0.00;tripinfo_16;152.00;16;0;1224.61;1.00;41.11;DEFAULT_VEHTYPE;;7
171.00;48156213_0;92.83;12.94;32.00;0.00;27028176#0_0;5.10;0.00;tripinfo_32;139.00;32;0;788.61;1.00;86.80;DEFAULT_VEHTYPE;;56
171.00;444002075#1_0;163.29;9.97;24.00;0.00;48158102#0_0;5.10;0.00;tripinfo_24;147.00;24;0;1214.95;1.00;34.59;DEFAULT_VEHTYPE;;16
171.00;208928173#2_0;92.51;13.44;40.00;0.00;208356047#1_0;5.10;0.00;tripinfo_40;131.00;40;0;1263.05;1.00;19.83;DEFAULT_VEHTYPE;;4
171.00;326467636#1_0;37.18;9.92;150.00;0.00;326467638#2_0;5.10;0.00;tripinfo_150;21.00;150;0;127.41;1.00;8.85;DEFAULT_VEHTYPE;;0
177.00;326467637#1_0;11.60;9.59;78.00;0.00;219276443#1_0;5.10;0.00;tripinfo_78;99.00;78;0;820.37;1.00;25.06;DEFAULT_VEHTYPE;;7
179.00;-186936338#1_0;118.92;10.51;58.00;0.00;562102993_0;5.10;0.00;tripinfo_58;121.00;58;0;1166.01;1.00;15.70;DEFAULT_VEHTYPE;;0
180.00;27102750#0_0;65.95;10.06;99.00;0.00;287533469#0_0;5.10;0.00;tripinfo_99;81.00;99;0;750.98;1.00;12.72;DEFAULT_VEHTYPE;;3
180.00;244757077_0;57.09;10.55;15.00;0.00;27103144#0_0;5.10;0.00;tripinfo_15;165.00;15;0;1096.52;1.00;72.74;DEFAULT_VEHTYPE;;42
181.00;442662512_2;3.60;12.24;36.00;0.00;326309727#5_0;5.10;0.00;tripinfo_36;145.00;36;0;1081.26;1.00;75.72;DEFAULT_VEHTYPE;;51
182.00;287533469#0_0;161.51;10.82;35.00;0.00;415931799#0_0;5.10;0.00;tripinfo_35;147.00;35;0;1426.21;1.00;15.93;DEFAULT_VEHTYPE;;0
182.00;48207551_0;111.93;10.06;49.00;0.00;451653288_0;5.10;0.00;tripinfo_49;133.00;49;0;654.72;1.00;80.56;DEFAULT_VEHTYPE;;56
185.00;219276440#4_0;97.49;10.90;76.00;0.00;287533429#2_0;5.10;0.00;tripinfo_76;109.00;76;0;723.71;1.00;46.81;DEFAULT_VEHTYPE;;33
189.00;219276441#0_0;79.91;8.09;88.00;0.00;458718920#0_0;5.10;0.00;tripinfo_88;101.00;88;0;963.75;1.00;11.39;DEFAULT_VEHTYPE;;0
190.00;444048516#0_0;93.43;8.03;29.00;0.00;287533401#1_0;5.10;0.00;tripinfo_29;161.00;29;0;1444.57;1.00;19.02;DEFAULT_VEHTYPE;;0
195.00;40171837_0;84.64;11.08;37.00;0.00;350274432_0;5.10;0.00;tripinfo_37;158.00;37;0;1475.95;1.00;20.63;DEFAULT_VEHTYPE;;0
202.00;326467636#0_0;36.17;10.87;188.00;0.00;326467649_0;3.49;0.00;tripinfo_188;14.00;188;0;105.49;1.00;4.03;DEFAULT_VEHTYPE;;0
205.00;219276439#1_0;149.17;9.98;130.00;1.00;444002077_0;5.10;0.00;tripinfo_129;75.00;129;0;646.33;1.00;16.17;DEFAULT_VEHTYPE;;4
206.00;69749637#2_0;7.45;10.01;4.00;0.00;326309727#3_0;5.10;0.00;tripinfo_4;202.00;4;0;1370.89;1.00;75.58;DEFAULT_VEHTYPE;;47
208.00;219276442#0_0;54.54;10.13;92.00;0.00;451653029#3_0;5.10;0.00;tripinfo_92;116.00;92;0;1260.75;1.00;18.18;DEFAULT_VEHTYPE;;0
210.00;253257589#0_0;172.84;9.20;45.00;0.00;444013696#0_0;5.10;0.00;tripinfo_45;165.00;45;0;1336.87;1.00;41.26;DEFAULT_VEHTYPE;;12
211.00;208356047#0_0;92.31;7.24;42.00;0.00;287533399_0;5.10;0.00;tripinfo_42;169.00;42;0;1581.19;1.00;19.09;DEFAULT_VEHTYPE;;0
214.00;27028045#2_0;79.13;10.14;102.00;0.00;415931799#1_0;5.10;0.00;tripinfo_102;112.00;102;0;816.49;1.00;52.19;DEFAULT_VEHTYPE;;36
216.00;130583576_0;82.73;10.66;139.00;0.00;451653183_0;5.10;0.00;tripinfo_139;77.00;139;0;903.41;1.00;13.44;DEFAULT_VEHTYPE;;0
218.00;208004245_0;32.66;13.58;161.00;2.00;407596050#2_0;5.10;0.00;tripinfo_159;57.00;159;0;518.27;1.00;10.56;DEFAULT_VEHTYPE;;0
220.00;287533401#0_1;70.84;10.52;145.00;0.00;477174168#1_0;5.10;0.00;tripinfo_145;75.00;145;0;651.33;1.00;9.81;DEFAULT_VEHTYPE;;0
221.00;207989397_0;43.54;13.70;109.00;0.00;407596050#0_0;5.10;0.00;tripinfo_109;112.00;109;0;1043.94;1.00;16.18;DEFAULT_VEHTYPE;;0
221.00;451653455#1_0;111.75;10.24;72.00;2.00;27028159_0;5.10;0.00;tripinfo_70;149.00;70;0;929.68;1.00;64.98;DEFAULT_VEHTYPE;;42
223.00;295701557_1;0.20;7.24;17.00;0.00;287533429#0_0;5.10;0.00;tripinfo_17;206.00;17;0;2081.77;1.00;24.52;DEFAULT_VEHTYPE;;0
225.00;219276440#0_0;50.69;10.80;62.00;0.00;444002072#0_0;5.10;0.00;tripinfo_62;163.00;62;0;1843.11;1.00;24.67;DEFAULT_VEHTYPE;;0
226.00;326467635#1_0;11.76;8.30;106.00;0.00;219276440#6_0;5.10;0.00;tripinfo_106;120.00;106;0;782.10;1.00;49.57;DEFAULT_VEHTYPE;;22
230.00;477174168#1_1;102.44;10.38;113.00;0.00;444002077_0;5.10;0.00;tripinfo_113;117.00;113;0;1028.89;1.00;21.18;DEFAULT_VEHTYPE;;1
231.00;219276440#2_0;98.85;10.61;111.00;0.00;454586930#2_0;3.28;0.00;tripinfo_111;120.00;111;0;1124.37;1.00;13.28;DEFAULT_VEHTYPE;;0
232.00;27028095_0;219.03;10.05;56.00;0.00;451653288_0;5.10;0.00;tripinfo_56;176.00;56;0;1697.25;1.00;35.04;DEFAULT_VEHTYPE;;4
232.00;444048526#0_0;169.45;10.63;72.00;0.00;358291500_0;5.10;0.00;tripinfo_72;160.00;72;0;1534.40;1.00;17.25;DEFAULT_VEHTYPE;;0
232.00;208356051#0_0;67.50;9.95;115.00;0.00;219276439#1_0;5.10;0.00;tripinfo_115;117.00;115;0;1161.65;1.00;12.00;DEFAULT_VEHTYPE;;0
233.00;350274427#0_0;110.73;9.89;66.00;0.00;444013695#2_0;5.10;0.00;tripinfo_66;167.00;66;0;1243.09;1.00;52.63;DEFAULT_VEHTYPE;;27
233.00;350274432_0;100.23;10.32;157.00;0.00;326467636#0_0;5.10;0.00;tripinfo_157;76.00;157;0;715.95;1.00;11.26;DEFAULT_VEHTYPE;;0
234.00;161357702#0_0;8.17;8.08;94.00;0.00;-326309731#2_0;5.10;0.00;tripinfo_94;140.00;94;0;1217.06;1.00;18.57;DEFAULT_VEHTYPE;;1
235.00;208928182_0;4.49;10.36;132.00;1.00;219276440#5_0;4.35;0.00;tripinfo_131;103.00;131;0;895.49;1.00;25.85;DEFAULT_VEHTYPE;;7
237.00;471664572#1_0;13.81;15.52;192.00;0.00;444002072#1_0;5.10;0.00;tripinfo_192;45.00;192;0;351.85;1.00;23.54;DEFAULT_VEHTYPE;;13
238.00;442662524_1;3.23;8.35;185.00;0.00;326309727#2_0;5.10;0.00;tripinfo_185;53.00;185;0;680.61;1.00;9.37;DEFAULT_VEHTYPE;;0
239.00;477174168#2_1;3.30;4.31;108.00;0.00;349360686_0;0.20;0.00;tripinfo_108;131.00;108;0;1070.53;1.00;34.23;DEFAULT_VEHTYPE;;6
239.00;407596050#0_0;95.95;10.09;173.00;0.00;27026401#0_0;5.10;0.00;tripinfo_173;66.00;173;0;625.80;1.00;9.40;DEFAULT_VEHTYPE;;0
239.00;326309725#1_0;6.07;6.68;26.00;0.00;326467651#0_0;5.10;0.00;tripinfo_26;213.00;26;0;1822.17;1.00;66.20;DEFAULT_VEHTYPE;;30
242.00;326467643#6_0;153.26;10.25;55.00;0.00;218396822_0;5.10;0.00;tripinfo_55;187.00;55;0;1341.67;1.00;70.63;DEFAULT_VEHTYPE;;45
244.00;-326467650_0;3.51;8.36;54.00;0.00;287533427#1_0;5.10;0.00;tripinfo_54;190.00;54;0;1318.56;1.00;78.26;DEFAULT_VEHTYPE;;36
247.00;442662512_1;3.60;8.35;187.00;0.00;27102738#0_0;5.10;0.00;tripinfo_187;60.00;187;0;494.89;1.00;15.24;DEFAULT_VEHTYPE;;0
247.00;48158102#1_0;42.84;10.37;194.00;0.00;451653183_0;5.10;0.00;tripinfo_194;53.00;194;0;474.17;1.00;9.64;DEFAULT_VEHTYPE;;0
251.00;208356047#1_0;7.35;7.80;67.00;0.00;-326467649_0;3.49;0.00;tripinfo_67;184.00;67;0;1730.37;1.00;22.42;DEFAULT_VEHTYPE;;0
251.00;326467650_0;3.51;9.24;87.00;0.00;350274427#0_0;5.10;0.00;tripinfo_87;164.00;87;0;1520.28;1.00;27.08;DEFAULT_VEHTYPE;;0
255.00;-444048533_0;109.97;10.23;97.00;0.00;295701557_0;0.20;0.00;tripinfo_97;158.00;97;0;1479.18;1.00;24.67;DEFAULT_VEHTYPE;;2
256.00;358291500_0;81.64;10.92;121.00;0.00;219276442#0_0;5.10;0.00;tripinfo_121;135.00;121;0;1163.28;1.00;30.13;DEFAULT_VEHTYPE;;8
257.00;48156216_0;328.50;8.32;86.00;0.00;229187724#2_0;5.10;0.00;tripinfo_86;171.00;86;0;1509.75;1.00;18.21;DEFAULT_VEHTYPE;;0
260.00;356686652#0_0;24.34;16.44;133.00;0.00;444048516#0_0;5.10;0.00;tripinfo_133;127.00;133;0;1237.72;1.00;18.90;DEFAULT_VEHTYPE;;0
261.00;326309716#0_0;34.74;7.51;152.00;4.00;407596052_0;5.10;0.00;tripinfo_148;109.00;148;0;1037.29;1.00;13.88;DEFAULT_VEHTYPE;;0
262.00;454586924_0;1.57;7.41;0.00;0.00;287533394_0;5.10;0.00;tripinfo_0;262.00;0;0;2403.92;1.00;75.23;DEFAULT_VEHTYPE;;31
266.00;486259354#0_0;126.51;10.07;11.00;0.00;219276443#2_0;5.10;0.00;tripinfo_11;255.00;11;0;1623.23;1.00;129.72;DEFAULT_VEHTYPE;;83
266.00;40171837_0;84.64;9.84;60.00;0.00;326309727#2_0;5.10;0.00;tripinfo_60;206.00;60;0;1261.87;1.00;89.83;DEFAULT_VEHTYPE;;63
266.00;208352993_0;44.41;10.42;52.00;0.00;219276439#1_0;5.10;0.00;tripinfo_52;214.00;52;0;1826.27;1.00;60.67;DEFAULT_VEHTYPE;;24
269.00;326309725#1_0;6.07;7.35;30.00;0.00;451653573#0_0;5.10;0.00;tripinfo_30;239.00;30;0;1877.55;1.00;89.71;DEFAULT_VEHTYPE;;60
273.00;444048529#1_1;96.76;16.53;132.00;0.00;27103295#5_0;5.10;0.00;tripinfo_132;141.00;132;0;1298.76;1.00;39.71;DEFAULT_VEHTYPE;;22
273.00;-458718922_0;218.71;9.83;190.00;0.00;287533429#2_0;5.10;0.00;tripinfo_190;83.00;190;0;803.52;1.00;13.02;DEFAULT_VEHTYPE;;0
274.00;326309713#0_0;96.93;9.82;162.00;0.00;126550198_0;5.10;0.00;tripinfo_162;112.00;162;0;992.67;1.00;38.17;DEFAULT_VEHTYPE;;21
277.00;477174168#1_1;102.44;10.91;104.00;0.00;407596052_0;5.10;0.00;tripinfo_104;173.00;104;0;1582.74;1.00;29.70;DEFAULT_VEHTYPE;;3
278.00;27026401#0_0;111.80;10.73;86.00;3.00;218873867#1_0;5.10;0.00;tripinfo_83;192.00;83;0;2274.17;1.00;26.52;DEFAULT_VEHTYPE;;1
280.00;326467637#0_0;24.17;10.81;195.00;0.00;326309726#5_0;5.10;0.00;tripinfo_195;85.00;195;0;755.91;1.00;16.65;DEFAULT_VEHTYPE;;0
282.00;219276439#1_0;149.17;10.33;141.00;0.00;295701557_0;0.20;0.00;tripinfo_141;141.00;141;0;1382.44;1.00;16.12;DEFAULT_VEHTYPE;;3
285.00;562603479#2_0;71.94;16.65;107.00;0.00;451653029#2_0;5.10;0.00;tripinfo_107;178.00;107;0;2031.81;1.00;55.45;DEFAULT_VEHTYPE;;33
286.00;27103144#4_0;81.16;10.57;168.00;0.00;-208352993_0;5.10;0.00;tripinfo_168;118.00;168;0;1166.99;1.00;30.01;DEFAULT_VEHTYPE;;9
286.00;326126530#1_0;72.39;10.82;84.00;0.00;477174168#0_0;5.10;0.00;tripinfo_84;202.00;84;0;1931.28;1.00;21.40;DEFAULT_VEHTYPE;;0
291.00;326309727#5_1;35.63;5.25;125.00;3.00;451653455#2_0;5.10;0.00;tripinfo_122;166.00;122;0;1091.89;1.00;84.72;DEFAULT_VEHTYPE;;50
293.00;208356047#1_0;7.35;7.68;80.00;0.00;471664572#3_0;5.10;0.00;tripinfo_80;213.00;80;0;2120.60;1.00;27.46;DEFAULT_VEHTYPE;;0
293.00;358541117_0;203.93;16.62;119.00;0.00;326467636#1_0;5.10;0.00;tripinfo_119;174.00;119;0;1524.35;1.00;59.59;DEFAULT_VEHTYPE;;21
293.00;208352995_0;110.75;11.03;173.00;3.00;218873867#2_0;5.10;0.00;tripinfo_170;120.00;170;0;1095.11;1.00;21.21;DEFAULT_VEHTYPE;;0
293.00;253257589#2_0;12.47;10.45;184.00;0.00;27028143#0_0;5.10;0.00;tripinfo_184;109.00;184;0;1038.80;1.00;14.57;DEFAULT_VEHTYPE;;0
294.00;326309731#0_0;171.42;7.97;98.00;0.00;326309727#1_0;5.10;0.00;tripinfo_98;196.00;98;0;1755.04;1.00;44.24;DEFAULT_VEHTYPE;;12
295.00;326309727#0_0;42.70;16.34;180.00;0.00;349360686_0;0.20;0.00;tripinfo_180;115.00;180;0;1002.60;1.00;25.77;DEFAULT_VEHTYPE;;7
297.00;171797495#0_0;35.80;4.52;144.00;0.00;-287533481_0;5.10;0.00;tripinfo_144;153.00;144;0;1298.58;1.00;24.06;DEFAULT_VEHTYPE;;0
300.00;451653573#2_2;42.42;16.08;46.00;0.00;-444048536#0_0;5.10;0.00;tripinfo_46;254.00;46;0;1986.19;1.00;95.95;DEFAULT_VEHTYPE;;58
301.00;326467635#0_0;34.23;10.84;197.00;0.00;-208004245_0;5.10;0.00;tripinfo_197;104.00;197;0;956.66;1.00;18.59;DEFAULT_VEHTYPE;;0
303.00;287533429#2_1;40.34;16.43;138.00;0.00;451653288_0;5.10;0.00;tripinfo_138;165.00;138;0;2189.93;1.00;28.09;DEFAULT_VEHTYPE;;4
306.00;161357702#2_0;5.04;7.17;19.00;0.00;444002072#1_0;5.10;0.00;tripinfo_19;287.00;19;0;2680.35;1.00;58.15;DEFAULT_VEHTYPE;;24
307.00;444002075#1_0;163.29;10.38;158.00;0.00;326309695_0;5.10;0.00;tripinfo_158;149.00;158;0;1262.85;1.00;32.53;DEFAULT_VEHTYPE;;10
311.00;129176988#0_1;90.93;16.37;103.00;0.00;-287533481_0;5.10;0.00;tripinfo_103;208.00;103;0;1690.91;1.00;47.94;DEFAULT_VEHTYPE;;15
314.00;451653597_0;131.35;10.09;141.00;1.00;208356048#0_0;5.10;0.00;tripinfo_140;173.00;140;0;1588.55;1.00;29.40;DEFAULT_VEHTYPE;;5
314.00;-126665636#1_0;123.66;10.89;135.00;0.00;356686652#1_0;5.10;0.00;tripinfo_135;179.00;135;0;1641.06;1.00;71.44;DEFAULT_VEHTYPE;;44
318.00;208356048#1_0;5.13;10.15;151.00;0.00;189469606_0;3.80;0.00;tripinfo_151;167.00;151;0;1588.98;1.00;17.41;DEFAULT_VEHTYPE;;0
322.00;326309725#0_0;156.27;7.64;130.00;0.00;444002072#1_0;5.10;0.00;tripinfo_130;192.00;130;0;1678.14;1.00;59.00;DEFAULT_VEHTYPE;;34
328.00;48207551_0;111.93;10.96;85.00;0.00;407596050#2_0;5.10;0.00;tripinfo_85;243.00;85;0;1318.79;1.00;130.53;DEFAULT_VEHTYPE;;95
329.00;207989397_0;43.54;12.68;156.00;0.00;219276447_0;5.10;0.00;tripinfo_156;173.00;156;0;1697.86;1.00;20.81;DEFAULT_VEHTYPE;;0
330.00;444013696#0_0;144.11;10.18;96.00;0.00;444048529#1_0;5.10;0.00;tripinfo_96;234.00;96;0;1040.41;1.00;142.68;DEFAULT_VEHTYPE;;112
335.00;206951039_0;3.41;7.00;182.00;0.00;562102993_0;5.10;0.00;tripinfo_182;153.00;182;0;1585.67;1.00;23.34;DEFAULT_VEHTYPE;;0
336.00;442662524_1;3.23;6.56;154.00;0.00;244757077_0;5.10;0.00;tripinfo_154;182.00;154;0;1783.98;1.00;27.52;DEFAULT_VEHTYPE;;0
337.00;208352989_1;48.37;16.55;120.00;0.00;316846222_0;5.10;0.00;tripinfo_120;217.00;120;0;1079.19;1.00;134.47;DEFAULT_VEHTYPE;;98
337.00;287533435#1_0;23.19;13.62;137.00;3.00;219276443#0_0;5.10;0.00;tripinfo_134;200.00;134;0;1392.78;1.00;87.90;DEFAULT_VEHTYPE;;53
339.00;208356048#0_0;259.06;10.34;153.00;0.00;321457779#0_0;5.10;0.00;tripinfo_153;186.00;153;0;1522.87;1.00;42.25;DEFAULT_VEHTYPE;;18
339.00;208352993_0;44.41;10.71;171.00;0.00;-326309730_0;5.10;0.00;tripinfo_171;168.00;171;0;1639.21;1.00;34.67;DEFAULT_VEHTYPE;;1
342.00;161357702#1_0;58.57;8.10;147.00;0.00;326309726#3_0;5.10;0.00;tripinfo_147;195.00;147;0;1781.71;1.00;26.63;DEFAULT_VEHTYPE;;0
346.00;451652904#0_0;105.43;10.83;79.00;0.00;451653597_0;5.10;0.00;tripinfo_79;267.00;79;0;2232.61;1.00;77.16;DEFAULT_VEHTYPE;;33
346.00;171797497#0_0;36.03;4.30;44.00;0.00;-458718924_0;5.10;0.00;tripinfo_44;302.00;44;0;2027.99;1.00;132.46;DEFAULT_VEHTYPE;;83
352.00;562603479#0_0;4.95;16.52;136.00;0.00;219276440#1_0;5.10;0.00;tripinfo_136;216.00;136;0;2006.90;1.00;75.15;DEFAULT_VEHTYPE;;43
353.00;326467635#0_0;34.23;10.94;172.00;0.00;358541117_0;5.10;0.00;tripinfo_172;181.00;172;0;1576.99;1.00;69.32;DEFAULT_VEHTYPE;;43
355.00;451653029#2_1;37.79;13.59;163.00;0.00;72098844_0;5.10;0.00;tripinfo_163;192.00;163;0;2005.43;1.00;37.88;DEFAULT_VEHTYPE;;0
355.00;27028143#0_0;181.09;10.10;175.00;0.00;48158098#0_0;5.10;0.00;tripinfo_175;180.00;175;0;1652.84;1.00;33.95;DEFAULT_VEHTYPE;;12
358.00;126550198_0;90.06;10.09;179.00;0.00;72098844_0;5.10;0.00;tripinfo_179;179.00;179;0;1507.39;1.00;54.64;DEFAULT_VEHTYPE;;29
366.00;-189469606_0;3.80;9.94;160.00;0.00;208352995_0;5.10;0.00;tripinfo_160;206.00;160;0;1944.71;1.00;19.22;DEFAULT_VEHTYPE;;0
367.00;451652904#0_0;105.43;10.02;155.00;0.00;27102750#1_0;5.10;0.00;tripinfo_155;212.00;155;0;2036.54;1.00;22.27;DEFAULT_VEHTYPE;;0
368.00;326467640#4_1;247.57;16.31;118.00;0.00;444048522_0;5.10;0.00;tripinfo_118;250.00;118;0;2753.32;1.00;61.87;DEFAULT_VEHTYPE;;39
368.00;218396822_0;27.75;15.77;137.00;0.00;444058036#0_0;5.10;0.00;tripinfo_137;231.00;137;0;2359.13;1.00;88.64;DEFAULT_VEHTYPE;;61
369.00;451652904#0_0;105.43;10.56;189.00;0.00;-189469606_0;3.80;0.00;tripinfo_189;180.00;189;0;1710.24;1.00;19.98;DEFAULT_VEHTYPE;;3
370.00;444048529#3_1;143.18;15.62;166.00;1.00;321457779#2_0;5.10;0.00;tripinfo_165;204.00;165;0;1917.63;1.00;35.72;DEFAULT_VEHTYPE;;8
371.00;161357702#2_0;5.04;7.33;124.00;0.00;471664572#2_0;5.10;0.00;tripinfo_124;247.00;124;0;2323.30;1.00;40.26;DEFAULT_VEHTYPE;;10
374.00;-208928171_0;12.08;12.06;199.00;0.00;229187724#3_0;4.52;0.00;tripinfo_199;175.00;199;0;1710.36;1.00;18.96;DEFAULT_VEHTYPE;;0
382.00;48156213_0;92.83;13.01;124.00;1.00;27028143#0_0;5.10;0.00;tripinfo_123;258.00;123;0;1778.49;1.00;116.26;DEFAULT_VEHTYPE;;69
384.00;27103295#0_0;151.89;10.81;149.00;0.00;184701778_0;0.20;0.00;tripinfo_149;235.00;149;0;2182.99;1.00;23.45;DEFAULT_VEHTYPE;;0
396.00;161357702#1_0;58.57;7.33;176.00;0.00;326467641#0_0;5.10;0.00;tripinfo_176;220.00;176;0;2033.58;1.00;28.71;DEFAULT_VEHTYPE;;0
400.00;208356048#0_0;259.06;10.68;65.00;0.00;326309726#0_0;5.10;0.00;tripinfo_65;335.00;65;0;2083.49;1.00;158.56;DEFAULT_VEHTYPE;;110
403.00;287653107#0_0;56.74;16.37;174.00;0.00;349360686_0;0.20;0.00;tripinfo_174;229.00;174;0;2169.38;1.00;55.86;DEFAULT_VEHTYPE;;23
405.00;454586924_0;1.57;8.48;169.00;0.00;287533469#5_0;5.10;0.00;tripinfo_169;236.00;169;0;2059.61;1.00;67.05;DEFAULT_VEHTYPE;;22
407.00;208353000_0;1.74;10.70;163.00;2.00;-326309732_0;5.10;0.00;tripinfo_161;244.00;161;0;2108.27;1.00;71.45;DEFAULT_VEHTYPE;;26
416.00;415931799#0_1;45.42;16.04;142.00;0.00;477174168#1_0;5.10;0.00;tripinfo_142;274.00;142;0;2072.60;1.00;93.78;DEFAULT_VEHTYPE;;50
422.00;27103295#0_0;151.89;10.15;181.00;0.00;184701778_0;0.20;0.00;tripinfo_181;241.00;181;0;2182.99;1.00;29.14;DEFAULT_VEHTYPE;;1
425.00;287533435#0_0;90.66;13.83;196.00;0.00;287533392#0_0;5.10;0.00;tripinfo_196;229.00;196;0;1945.74;1.00;71.09;DEFAULT_VEHTYPE;;22
426.00;130584736_0;119.53;9.96;167.00;0.00;186936338#0_0;5.10;0.00;tripinfo_167;259.00;167;0;1383.73;1.00;147.21;DEFAULT_VEHTYPE;;105
444.00;287533401#1_1;8.83;7.04;126.00;0.00;287533507_0;5.10;0.00;tripinfo_126;318.00;126;0;2351.42;1.00;140.34;DEFAULT_VEHTYPE;;83
455.00;287533399_0;69.46;8.08;127.00;0.00;326309727#1_0;5.10;0.00;tripinfo_127;328.00;127;0;2320.16;1.00;108.94;DEFAULT_VEHTYPE;;66
459.00;171797495#0_0;35.80;5.41;178.00;0.00;326309727#5_0;5.10;0.00;tripinfo_178;281.00;178;0;2224.87;1.00;63.81;DEFAULT_VEHTYPE;;29
469.00;287533397_0;51.12;10.19;183.00;0.00;-444048536#0_0;5.10;0.00;tripinfo_183;286.00;183;0;2194.21;1.00;104.89;DEFAULT_VEHTYPE;;52
